{"cameraMode":{"drawMode":0,"name":"Shaded","section":"Shading Mode"},"sceneLighting":false,"audioPlay":false,"sceneViewState":{"m_AlwaysRefresh":false,"showFog":true,"showSkybox":true,"showFlares":true,"showImageEffects":true,"showParticleSystems":true,"showVisualEffectGraphs":true,"m_FxEnabled":true},"in2DMode":false,"pivot":{"x":2.9321942096594e-10,"y":3.9000000953674318,"z":-9.305595183306536e-10},"rotation":{"x":-0.004861350171267986,"y":0.9353315234184265,"z":-0.011971172876656056,"w":-0.35376107692718508},"size":0.8660253882408142,"orthographic":false}