{"cameraMode":{"drawMode":0,"name":"Shaded","section":"Shading Mode"},"sceneLighting":false,"audioPlay":false,"sceneViewState":{"m_AlwaysRefresh":false,"showFog":true,"showSkybox":true,"showFlares":true,"showImageEffects":true,"showParticleSystems":true,"showVisualEffectGraphs":true,"m_FxEnabled":true},"in2DMode":false,"pivot":{"x":-0.09401511400938034,"y":226.5352783203125,"z":-0.36028701066970827},"rotation":{"x":0.13021042943000794,"y":0.2342148721218109,"z":-0.03173324838280678,"w":0.9629733562469482},"size":0.42341315746307375,"orthographic":false}