{"cameraMode":{"drawMode":0,"name":"Shaded","section":"Shading Mode"},"sceneLighting":false,"audioPlay":false,"sceneViewState":{"m_AlwaysRefresh":false,"showFog":true,"showSkybox":false,"showFlares":true,"showImageEffects":true,"showParticleSystems":true,"showVisualEffectGraphs":true,"m_FxEnabled":true},"in2DMode":false,"pivot":{"x":-0.940000057220459,"y":1.190000057220459,"z":-1.6399998664855958},"rotation":{"x":0.0004260542045813054,"y":0.958812952041626,"z":0.0014382204972207547,"w":-0.2840349078178406},"size":0.8660253882408142,"orthographic":false}